{"cameraMode":{"drawMode":0,"name":"Shaded","section":"Shading Mode"},"sceneLighting":false,"audioPlay":false,"sceneViewState":{"showFog":true,"showMaterialUpdate":false,"showSkybox":false,"showFlares":true,"showImageEffects":true,"showParticleSystems":true},"in2DMode":false,"pivot":{"x":0.0,"y":-0.028720468282699586,"z":0.026813220232725145},"rotation":{"x":0.2060217410326004,"y":0.6699267029762268,"z":-0.201740100979805,"w":0.6841452717781067},"size":5.707395553588867,"orthographic":false}