{"cameraMode":{"drawMode":0,"name":"Shaded","section":"Shading Mode"},"sceneLighting":true,"audioPlay":false,"sceneViewState":{"showFog":true,"showMaterialUpdate":false,"showSkybox":true,"showFlares":true,"showImageEffects":true,"showParticleSystems":true},"in2DMode":false,"pivot":{"x":-0.14415526390075684,"y":1.1056489944458008,"z":0.15822410583496095},"rotation":{"x":0.1552589386701584,"y":0.037035949528217319,"z":-0.005824945867061615,"w":0.9871627688407898},"size":4.07320499420166,"orthographic":false}