{"cameraMode":{"drawMode":0,"name":"Shaded","section":"Shading Mode"},"sceneLighting":true,"audioPlay":false,"sceneViewState":{"showFog":true,"showMaterialUpdate":false,"showSkybox":true,"showFlares":true,"showImageEffects":true,"showParticleSystems":true},"in2DMode":false,"pivot":{"x":-1.4932457208633423,"y":-0.32223883271217348,"z":1.356898546218872},"rotation":{"x":0.1758231818675995,"y":-0.4396634101867676,"z":0.08820942789316178,"w":0.876362144947052},"size":1.2688984870910645,"orthographic":false}