{"cameraMode":{"drawMode":0,"name":"Shaded","section":"Shading Mode"},"sceneLighting":false,"audioPlay":false,"sceneViewState":{"showFog":true,"showMaterialUpdate":false,"showSkybox":false,"showFlares":true,"showImageEffects":true,"showParticleSystems":true},"in2DMode":false,"pivot":{"x":-3.1199111938476564,"y":-0.44672393798828127,"z":-8.909573554992676},"rotation":{"x":0.15794329345226289,"y":0.8336319327354431,"z":-0.3038272559642792,"w":0.43336033821105959},"size":10.0,"orthographic":false}